type,air_temperature_k,process_temperature_k,rotational_speed_rpm,torque_nm,tool_wear_min,machine_failure,probability
M,297.3,308.7,1655,34.1,21,0,0.000278
L,300.1,309.6,1321,46.9,75,0,0.00015
L,301.7,310.1,1384,50.5,38,0,0.017748
M,304.1,313.4,1518,42.4,105,0,0.000645
L,298.9,310.2,1654,31.1,158,0,0.000162
M,299.4,308.7,1487,52.6,205,0,0.040995
M,299.9,311.4,1337,54.8,32,0,0.000361
L,300.0,311.2,1418,47.3,60,0,0.000151
L,301.4,310.9,1440,45.4,177,0,0.00044
M,301.9,310.9,1763,28.4,103,0,0.002121
H,300.6,309.4,1691,28.0,36,0,0.001
M,300.9,309.5,1758,26.8,116,0,0.003982
L,299.3,309.2,1465,41.5,127,0,0.000128
L,302.6,312.1,1519,38.1,178,0,0.000399
L,298.0,309.2,1378,49.7,94,0,0.000335
L,301.2,310.7,1517,39.4,107,0,0.000234
L,300.4,311.2,1472,37.3,187,0,0.001611
L,303.6,312.4,1363,53.1,7,0,0.01516
M,299.4,308.7,1289,60.5,104,0,0.002832
M,303.0,312.5,1524,42.1,76,0,0.000529
H,301.7,311.0,2016,19.3,180,0,0.001852
M,300.9,311.8,1843,24.5,25,0,0.000801
M,297.4,308.6,1657,33.1,156,0,0.000208
M,301.8,310.9,1358,52.3,56,0,0.01173
L,297.4,308.6,1532,38.7,136,0,0.000114
M,303.7,312.7,1396,47.3,158,0,0.001479
L,299.0,308.4,1571,38.6,5,0,0.000387
L,302.4,311.5,1590,39.9,58,0,0.000299
L,297.7,308.5,1501,41.4,201,0,0.005457
H,303.4,311.8,1693,28.3,175,0,0.004566
M,298.8,309.7,1480,38.1,157,0,0.000222
H,300.2,311.4,1319,54.6,15,0,0.00022
H,299.8,309.3,1595,32.1,183,0,0.002768
L,301.5,310.5,1380,48.7,160,0,0.001079
M,299.3,310.6,1457,42.1,104,0,0.000236
M,300.1,309.0,1612,33.0,34,0,0.000554
M,301.6,310.9,1510,40.9,152,0,0.000614
M,300.4,309.8,1725,30.4,195,0,0.001575
L,296.4,307.4,2833,5.6,213,1,0.931225
L,296.5,307.3,1579,34.5,166,0,0.000119
L,303.6,311.8,1736,32.9,99,0,0.020241
M,302.3,311.8,1443,43.4,175,0,0.000624
L,299.9,309.5,1779,26.1,169,0,0.000684
L,299.4,310.7,1551,41.2,3,0,0.000238
L,297.9,309.1,1521,36.1,15,0,0.000197
M,300.5,311.9,1670,26.3,89,0,0.003771
M,298.7,310.3,1481,41.5,83,0,0.000192
H,298.4,307.7,1626,31.1,166,0,0.00047
M,301.3,310.7,1819,25.5,46,0,0.001041
L,300.8,311.8,1417,43.4,223,0,0.054024
L,296.8,307.9,1709,28.4,118,0,0.000814
L,300.4,309.3,1525,39.6,202,0,0.000562
H,300.3,309.9,1509,46.6,125,0,0.000149
L,302.6,311.9,1354,48.0,67,0,0.017407
L,299.1,308.9,1617,32.3,223,0,0.085477
M,302.3,311.7,1517,37.6,124,0,0.000439
L,302.0,310.9,1546,34.4,7,0,0.001232
L,297.5,309.4,1809,24.3,110,0,0.000433
H,300.4,311.4,1427,50.7,122,0,0.000151
L,302.0,310.5,1635,39.8,99,0,0.01243
L,301.5,310.8,1382,52.4,165,0,0.001547
L,300.7,312.1,1395,41.9,157,0,0.000232
M,302.0,311.3,1725,27.7,23,0,0.001128
H,298.3,309.4,1631,29.8,0,0,0.001391
L,300.2,311.7,1553,41.3,44,0,0.000121
M,302.6,310.5,1524,33.7,204,0,0.040407
L,298.0,308.5,1713,25.3,124,0,0.000444
L,302.3,310.9,1377,46.8,166,1,0.42262
L,297.2,308.6,1917,24.1,54,0,0.000422
L,300.2,311.3,1487,36.9,71,0,0.000123
M,300.7,309.5,1470,48.7,21,0,0.003263
M,297.7,307.3,1365,49.2,36,0,0.000155
M,303.7,312.7,1669,31.7,120,0,0.000867
L,298.6,309.8,1561,32.6,201,0,0.005066
M,302.3,310.1,1563,37.8,31,0,0.00032
L,298.0,308.8,1790,27.2,193,0,0.019818
L,297.4,309.4,1473,45.5,94,0,8.9e-05
L,297.9,308.6,1468,36.0,168,0,0.00015
M,302.5,311.9,1298,57.5,57,0,0.011923
L,297.7,308.9,1662,28.1,19,0,0.002131
M,303.3,312.1,1693,30.0,80,0,0.000804
L,298.2,308.3,1230,59.6,162,0,0.00029
L,299.2,308.5,1366,49.7,74,0,0.001116
L,302.5,310.3,1523,36.0,72,0,0.000275
L,300.7,311.0,1462,41.9,126,0,0.000146
H,297.6,309.6,1419,48.2,215,0,0.037173
M,302.4,310.3,1378,54.3,165,1,0.866133
L,297.9,308.8,1681,31.7,94,0,0.000135
L,298.0,307.7,1407,43.9,205,0,0.028034
L,303.3,311.8,1842,24.5,67,0,0.000392
L,304.3,313.5,1590,29.8,17,0,0.015601
L,299.4,310.8,1376,53.9,215,1,0.97622
M,298.0,309.2,1558,41.7,35,0,0.000195
M,300.4,311.0,1595,35.4,15,0,0.000548
L,302.8,311.1,1550,32.3,76,0,0.000156
L,300.3,309.2,1572,32.0,173,0,0.000445
L,297.7,307.7,1581,34.9,31,0,9.1e-05
L,297.6,308.3,1424,53.9,132,0,0.000156
M,298.6,309.8,1419,44.9,115,0,0.000733
L,297.9,307.6,1612,30.7,134,0,0.000179
L,298.7,309.9,1753,26.8,40,0,0.000401
L,301.9,310.3,1485,46.3,24,0,0.004377
M,297.3,308.0,1598,29.4,148,0,0.001811
L,298.9,310.1,1356,47.8,116,0,0.000101
L,295.7,306.1,1343,54.4,119,0,0.004457
M,303.4,311.4,1307,54.0,44,1,0.983587
L,302.1,311.3,1415,44.1,43,0,0.000652
L,301.0,311.6,1461,40.6,154,0,0.00015
L,302.1,311.4,1889,22.7,194,0,0.001074
M,298.2,308.9,1614,35.5,15,0,0.000517
M,298.7,309.6,1382,48.1,186,0,0.001986
M,299.2,308.8,1523,38.9,112,0,0.000225
M,297.6,308.8,1357,49.7,104,0,0.000194
L,302.4,311.2,1448,50.5,53,0,0.000912
M,303.4,311.5,1560,36.4,114,0,0.00046
M,301.4,310.7,1617,34.3,101,0,0.000425
L,301.7,310.9,1636,31.3,42,0,0.000283
M,298.5,309.3,1512,38.1,170,0,0.000312
M,298.2,308.0,1577,35.9,151,0,0.000232
L,303.7,312.7,1989,22.4,166,0,0.000827
H,299.1,308.8,1553,32.6,90,0,0.000131
M,303.3,312.5,1674,32.7,76,0,0.000644
L,297.1,308.2,1402,51.2,186,0,0.000741
L,299.0,308.6,1734,32.4,161,0,0.000172
M,300.4,309.2,1528,37.2,228,0,0.148053
L,299.9,309.8,1477,47.7,112,0,0.000454
L,300.5,310.5,1409,60.9,73,0,0.110477
L,299.4,310.5,1749,28.1,179,0,0.00708
H,302.6,310.3,1721,27.4,79,0,0.000307
M,303.4,311.8,1515,42.6,204,0,0.034938
M,300.5,309.7,1685,29.4,140,0,0.002663
L,298.3,309.2,1456,45.5,75,0,9.1e-05
L,299.1,308.8,1502,46.7,197,0,0.000293
L,297.3,308.2,1553,33.5,2,0,0.000197
L,299.2,310.7,1737,27.0,225,1,0.132771
M,298.0,308.0,1555,37.0,111,0,0.000195
M,297.6,309.3,1415,41.3,17,0,0.000969
L,304.0,312.8,1542,42.7,198,0,0.000916
M,299.8,310.0,1460,37.1,169,0,0.000297
L,299.0,309.4,1419,48.3,91,0,0.000372
L,297.4,308.7,2874,4.2,118,1,0.982333
L,299.1,310.1,1894,20.1,106,0,0.000357
L,297.9,308.0,1296,62.9,41,0,0.004825
L,300.0,309.2,1610,32.1,150,0,0.000467
L,299.9,310.4,1328,49.9,206,0,0.012835
L,301.5,310.5,1589,36.7,118,0,0.000281
M,299.4,309.1,1352,44.7,172,0,0.000621
L,301.6,310.9,1538,40.4,13,0,0.000526
M,298.5,309.6,1438,44.5,124,0,0.000217
M,300.5,311.4,1390,51.9,68,0,0.00076
L,295.5,306.0,1597,37.2,16,0,0.000197
L,296.9,308.3,1513,38.8,189,0,0.000228
L,302.1,310.7,1314,52.8,8,1,0.333755
M,298.1,308.6,1716,30.7,119,0,0.00032
L,301.7,310.9,1557,39.4,2,0,0.000513
L,298.2,308.4,1355,49.4,209,0,0.054703
L,301.2,310.2,1385,42.3,42,0,0.000353
M,300.6,309.8,1694,31.1,187,0,0.001748
L,298.6,309.9,1356,59.5,34,0,0.000198
L,299.0,309.0,1469,40.1,13,0,0.000197
L,299.8,309.4,1633,27.5,29,0,0.001236
L,300.1,310.1,1306,64.7,57,0,0.033002
L,302.0,311.0,1566,37.8,218,0,0.196174
M,297.0,307.9,1412,47.4,112,0,0.000513
L,301.8,310.7,1680,32.4,76,0,0.000312
L,301.8,311.1,1495,36.9,197,0,0.00045
M,300.7,310.6,1349,54.5,19,0,0.000498
M,299.9,310.1,1362,56.3,179,0,0.001527
M,297.5,308.6,1842,27.0,133,0,0.000394
L,298.9,309.9,1526,35.4,96,0,9.1e-05
L,300.0,309.5,1675,30.2,11,0,0.000496
M,300.7,309.6,1439,43.0,61,0,0.000554
M,300.3,309.8,1444,42.0,3,0,0.000791
M,303.8,312.6,1406,47.1,162,0,0.001421
L,299.9,311.3,1535,38.1,160,0,0.000148
L,303.5,312.5,1380,46.1,166,0,0.002858
L,301.0,310.7,1300,57.2,174,0,0.00038
H,298.5,309.4,2011,21.0,59,0,0.000476
M,302.0,310.5,1573,32.1,143,0,0.00034
M,297.6,308.6,1254,45.8,31,0,0.000133
L,304.4,313.6,1568,39.1,0,0,0.035348
L,299.8,310.3,1524,34.2,196,0,0.000213
H,298.2,308.4,1385,42.2,98,0,0.000269
L,302.2,311.5,1346,52.4,157,0,0.002462
L,301.0,310.9,1515,37.3,6,0,0.000257
L,298.6,309.9,1564,37.1,30,0,0.000118
L,303.4,311.6,1497,42.8,58,0,0.008067
M,300.3,310.2,1442,39.5,4,0,0.00054
M,297.2,308.3,1604,39.4,9,0,0.000517
L,298.0,307.6,1683,32.8,122,0,0.000153
L,298.9,310.2,1445,40.0,129,0,0.000126
M,300.2,309.4,1459,43.9,39,0,0.000425
L,298.6,310.2,1569,36.3,10,0,0.000195
L,297.9,308.8,1613,31.4,57,0,0.000115
M,298.9,309.9,1449,44.1,112,0,0.000195
L,298.2,309.0,1418,44.2,87,0,0.000125
L,298.1,307.8,1524,40.8,71,0,0.000101
M,302.2,311.3,1577,29.8,112,0,0.002805
L,296.7,307.8,1646,34.6,238,0,0.221668
L,300.7,311.9,1335,57.1,194,1,0.969279
L,300.7,311.1,2478,13.4,170,1,0.609464
L,300.7,312.1,1512,36.9,153,0,0.000148
L,302.3,311.7,1544,43.2,128,0,0.000268
L,302.6,311.0,1520,42.8,148,0,0.015125
L,301.1,311.6,1432,48.1,202,0,0.000736
L,300.2,310.6,1431,42.3,113,0,0.000115
M,301.8,311.5,1416,49.0,136,0,0.004211
L,302.4,311.0,1555,40.6,205,0,0.031385
M,298.2,309.1,1457,49.0,77,0,0.000279
M,303.7,312.4,1642,32.3,206,0,0.047475
H,295.6,306.0,1396,52.4,0,0,0.0007
M,302.3,310.9,1558,31.9,207,0,0.048774
L,298.9,309.8,1534,42.1,23,0,9.1e-05
M,303.1,311.0,1510,47.6,16,0,0.005247
L,298.5,309.5,1428,43.5,87,0,9.1e-05
L,297.5,309.3,1623,33.4,74,0,8.9e-05
L,297.5,308.5,1530,38.5,93,0,9.1e-05
L,299.8,309.7,1707,29.1,94,0,0.000225
L,303.5,311.7,1959,22.3,157,0,0.001991
L,301.0,310.6,1493,37.8,206,1,0.01245
H,300.7,310.5,1476,43.1,134,0,0.000154
H,303.6,312.2,1371,54.6,112,1,0.337952
L,300.0,311.5,1666,32.0,128,0,0.000204
M,303.7,312.9,1444,52.7,46,0,0.00191
L,301.0,311.1,1236,64.4,177,1,0.92922
L,302.4,310.2,1351,45.1,168,1,0.954545
M,298.8,310.3,1366,59.0,94,0,0.000327
L,299.0,310.3,1472,36.1,97,0,0.000118
L,303.9,313.0,1480,39.9,176,0,0.000555
M,299.9,309.2,1548,35.7,97,0,0.000425
M,300.9,310.4,1576,40.4,92,0,0.000494
M,302.6,312.4,1410,50.3,33,0,0.001148
M,300.4,310.6,1448,44.9,21,0,0.000402
L,297.6,308.3,1617,31.7,39,0,0.000115
M,303.8,312.8,1420,47.9,200,0,0.009078
M,303.9,313.2,1422,48.0,215,1,0.069259
L,299.6,310.7,1393,52.1,110,0,0.000161
L,298.1,308.4,1335,40.2,109,0,8.5e-05
L,300.7,310.6,1540,52.7,85,0,0.000114
L,300.5,309.8,1367,54.0,129,0,0.003432
L,298.1,309.0,1592,33.9,85,0,9.1e-05
M,301.8,309.6,1436,49.0,214,0,0.198807
M,303.4,311.6,1425,45.4,184,0,0.033961
L,302.9,312.2,1469,42.0,214,0,0.051843
M,302.3,311.0,1421,41.3,182,0,0.006455
L,300.9,312.1,1423,40.2,63,0,0.000123
L,301.5,310.6,1578,34.1,120,0,0.000304
L,296.9,307.8,1285,52.1,100,0,8e-05
L,300.1,309.4,1694,27.4,44,0,0.000964
M,297.4,308.9,1323,57.3,163,0,0.000291
L,301.2,310.8,1479,41.2,155,0,0.000203
H,298.5,308.7,1450,43.9,28,0,9.8e-05
L,301.8,310.7,1523,43.3,60,0,0.000258
M,300.9,310.8,1790,26.2,191,0,0.001072
L,297.2,308.1,1712,30.9,204,0,0.018926
L,300.3,311.6,1607,33.5,109,0,0.000149
M,301.9,310.6,1260,65.9,29,0,0.20114
L,298.1,309.2,1802,26.9,83,0,0.000814
M,301.5,310.6,1424,47.0,26,0,0.00063
M,297.8,309.3,2243,15.7,36,0,0.000558
L,302.1,311.2,1417,48.0,13,0,0.004476
M,297.4,308.6,1434,44.4,193,0,0.000582
L,299.1,310.1,1373,55.6,108,0,0.000215
L,303.4,311.8,1438,58.9,22,0,0.049006
L,298.9,309.5,1645,31.1,169,0,0.000173
L,297.4,308.4,1371,57.4,52,0,0.000179
L,300.3,310.3,1362,60.3,206,1,0.985864
L,301.0,311.0,1553,35.8,26,0,0.000163
M,300.0,309.6,1491,42.0,29,0,0.000249
L,302.7,310.7,1597,41.9,15,0,0.004307
H,300.7,309.6,1390,48.5,7,0,0.005773
L,298.9,310.3,1484,43.8,124,0,0.000111
L,301.1,310.1,1540,36.6,28,0,0.000281
L,298.8,310.0,1389,49.6,149,0,0.00024
M,298.3,308.1,1630,32.7,83,0,0.000204
L,297.0,307.9,1296,69.1,153,1,0.985114
M,297.6,308.4,1569,38.3,93,0,0.000195
M,302.4,311.0,1490,37.1,168,0,0.004963
L,301.5,310.4,1474,39.9,53,0,0.000281
M,298.5,308.8,1553,34.9,18,0,0.000517
L,302.5,310.4,1427,46.8,179,0,0.014899
L,298.0,308.4,1472,42.0,15,0,0.000197
H,299.9,311.4,1497,37.0,162,0,0.000155
L,298.3,307.9,1766,26.5,145,0,0.001624
M,303.4,312.2,1615,35.7,56,0,0.000589
L,299.2,310.6,1567,38.4,172,0,0.000301
L,298.3,309.1,1437,38.0,93,0,9.1e-05
M,303.4,312.8,1590,36.3,113,0,0.000431
L,299.3,309.1,1399,52.1,27,0,0.000148
L,297.6,308.4,1517,34.2,66,0,9.1e-05
L,302.6,311.6,1953,22.4,180,0,0.00173
L,300.5,310.8,1354,51.8,157,0,0.000223
L,300.0,309.6,1496,38.8,27,0,0.000125
L,297.1,307.8,1584,42.3,135,0,0.000114
M,300.7,311.5,1569,36.4,20,0,0.000993
L,302.4,312.0,1545,36.4,12,0,0.000305
L,300.4,309.7,1584,32.6,71,0,0.000264
M,298.1,307.9,1496,40.0,0,0,0.000526
L,297.8,309.7,1394,42.9,206,0,0.037137
M,298.2,307.8,1599,31.2,173,0,0.000307
L,298.8,309.1,1378,54.4,165,0,0.001641
L,297.8,308.3,1477,44.8,170,0,0.005473
M,301.7,310.6,1417,45.2,185,0,0.001051
L,299.6,310.7,1922,23.3,205,1,0.020062
L,299.2,308.7,1325,51.0,171,0,0.000178
L,304.0,313.1,1720,28.7,106,0,0.000523
L,299.1,308.5,1689,32.1,192,0,0.001409
L,297.9,309.0,1629,29.0,26,0,0.001945
L,295.6,306.2,1263,61.8,27,0,0.000756
L,300.7,310.8,2113,18.5,95,0,0.002381
L,297.9,309.0,1450,46.8,118,0,0.00011
L,299.1,308.3,1431,52.3,38,0,0.000341
M,299.1,310.1,1649,31.6,41,0,0.000195
L,301.4,310.6,1347,53.3,104,0,0.000213
L,299.1,310.1,1486,40.7,39,0,9.1e-05
L,303.6,312.6,1502,39.5,103,0,0.000547
L,300.0,309.5,1869,22.7,49,0,0.000791
L,297.0,307.8,1316,61.2,200,1,0.945944
M,296.3,307.1,1534,33.8,151,0,0.000239
L,296.8,308.2,1643,34.7,191,0,0.000283
L,303.6,312.9,1381,57.8,27,0,0.004312
M,298.9,310.5,1525,38.5,27,0,0.000192
H,297.3,308.7,1438,46.2,16,0,0.000202
L,300.1,310.5,1356,45.8,126,0,0.000111
L,297.6,308.5,1574,37.1,121,0,0.0001
M,300.1,310.5,1329,57.4,99,0,0.00037
M,300.2,311.6,1415,55.8,82,0,0.000693
L,298.5,309.4,1911,21.5,164,0,0.000437
M,298.6,309.5,1568,36.7,182,0,0.000558
L,298.2,307.9,1785,23.4,181,0,0.005162
L,299.6,310.9,1229,65.2,209,1,0.932379
L,295.5,306.2,1448,48.9,65,0,0.0001
M,298.8,309.7,1589,35.3,149,0,0.000222
L,302.8,310.6,1671,30.5,201,0,0.000273
M,298.4,309.2,1491,51.2,13,0,0.000806
M,298.8,309.7,1439,45.8,81,0,0.000195
M,298.6,310.0,1512,37.5,27,0,0.000192
L,303.7,312.4,1316,59.3,137,0,0.008345
H,300.9,311.2,1518,35.0,90,0,0.00013
M,299.3,308.7,1289,51.5,185,0,0.003933
L,299.6,310.8,1644,30.9,114,0,0.000153
L,300.1,309.3,1570,36.8,189,0,0.000497
L,299.3,308.5,1413,38.5,57,0,0.000275
H,298.8,309.7,1461,55.1,118,0,0.006419
L,297.8,307.5,1391,48.6,109,0,0.000602
L,302.4,310.3,1520,31.6,121,0,0.001265
L,302.9,312.2,1340,57.8,90,0,0.002134
L,299.2,308.8,1605,31.1,181,0,0.000203
M,300.1,308.9,1548,38.4,31,0,0.000554
L,303.2,311.4,1514,41.2,230,0,0.133729
H,303.7,312.8,1488,42.8,54,0,0.000392
L,301.3,310.3,1419,55.7,125,0,0.001704
L,302.8,312.1,1441,52.1,79,0,0.000767
H,302.2,311.1,1628,30.6,105,0,0.000355
L,301.9,311.0,1353,43.8,130,0,0.015089
L,298.1,307.5,1684,33.1,200,0,0.002582
L,297.4,308.8,1620,33.4,186,0,0.000136
L,299.1,308.4,1543,37.9,130,0,0.000245
L,303.6,312.5,1286,62.4,101,0,0.051014
M,299.3,309.3,1471,46.0,42,0,0.000199
L,300.2,311.5,1639,31.1,31,0,0.000173
L,302.4,311.0,1486,40.4,192,0,0.009253
L,298.1,308.1,1791,27.3,63,0,0.000279
M,302.0,310.6,1539,37.4,96,0,0.002491
L,297.1,307.9,1492,39.4,171,0,0.00017
L,299.2,308.5,1457,44.7,195,0,0.004223
L,304.1,313.3,1438,45.5,188,0,0.000795
M,299.6,308.9,1685,27.8,161,0,0.00651
L,302.3,311.2,1758,24.4,68,0,0.000759
H,302.5,311.8,2370,14.7,198,0,0.020842
L,300.3,310.0,1560,40.8,182,0,0.000398
M,297.4,308.5,1566,31.4,76,0,0.000218
L,298.1,307.6,1460,46.5,143,0,0.001298
L,297.0,307.7,1731,28.5,186,0,0.000654
M,304.2,313.5,1437,47.2,102,0,0.000916
L,297.9,307.6,1430,52.4,178,0,0.000652
H,302.4,311.1,1578,32.3,196,0,0.000565
M,300.8,312.0,1450,45.0,183,0,0.000514
L,298.8,309.8,1663,28.2,67,0,0.003801
L,298.1,307.6,1498,42.9,171,0,0.001352
L,298.9,308.2,2384,15.0,19,0,0.004867
L,301.7,311.0,1546,43.0,23,0,0.000249
M,303.6,312.7,2174,17.6,37,0,0.001137
H,298.9,309.7,1407,48.6,161,0,0.000431
L,298.2,308.9,1605,32.0,79,0,0.000115
L,297.2,308.3,1576,35.3,113,0,9.1e-05
L,298.0,308.5,1395,46.2,122,0,0.000147
L,300.0,309.3,1397,51.2,173,0,0.000485
M,302.5,310.4,1605,36.0,69,0,0.000459
H,299.0,309.0,1436,43.9,20,0,0.003028
M,296.5,307.4,1350,55.6,69,0,0.002494
L,298.8,309.1,1362,45.4,113,0,5.4e-05
M,299.3,308.7,1420,50.3,208,0,0.065753
L,300.7,311.9,1485,38.8,9,0,0.000257
M,297.3,308.5,1710,27.7,138,0,0.000605
L,299.7,311.0,1983,21.0,201,0,0.006268
M,297.7,308.5,1559,35.2,127,0,0.000203
L,299.3,308.7,1536,38.9,94,0,0.000222
M,300.5,311.5,1378,48.2,82,0,0.001552
M,300.1,311.3,1518,40.2,130,0,0.000249
M,298.7,309.7,1868,23.8,118,0,0.000586
M,301.1,310.6,1310,48.8,103,0,0.000533
M,299.3,308.5,1422,43.1,186,0,0.003459
M,302.2,311.4,1539,35.1,24,0,0.000648
L,298.1,307.5,1493,43.7,153,0,0.001298
M,300.7,310.9,1468,41.8,112,0,0.000227
M,297.8,307.4,1330,51.7,183,0,0.00048
M,297.8,309.1,1424,45.5,2,0,0.000543
L,303.7,312.6,1702,29.1,141,0,0.00132
M,298.1,308.8,1433,48.2,62,0,0.000279
L,301.5,310.7,1596,35.4,150,0,0.000449
L,297.4,308.7,1402,40.2,114,0,0.000151
H,296.9,307.8,1549,35.8,206,1,0.019504
L,298.0,308.2,1489,40.4,11,0,0.000197
M,301.9,311.3,1522,35.6,63,0,0.00139
L,302.0,309.8,1456,58.1,145,0,0.065976
M,302.2,311.2,1873,24.0,99,0,0.001132
L,298.0,307.7,1492,38.7,202,0,0.004165
L,298.4,309.3,1545,36.9,3,0,0.000197
L,299.0,308.7,1706,28.6,206,0,0.009032
L,297.4,308.4,1369,50.6,220,1,0.912111
M,302.2,310.6,1346,49.2,134,1,0.967518
L,298.4,308.2,1282,60.7,216,1,0.964686
H,297.6,309.0,1413,40.2,51,0,0.000212
L,299.0,308.6,1946,22.3,102,0,0.000461
L,301.6,310.7,1679,29.5,10,0,0.0006
L,299.0,308.5,1886,23.0,198,0,0.002099
L,299.5,310.0,1502,38.5,52,0,0.000106
L,297.7,308.4,1740,27.1,136,0,0.000444
L,300.4,309.5,1525,51.3,4,0,0.000832
M,299.3,309.1,1571,38.3,59,0,0.000219
L,302.3,311.2,1549,40.6,66,0,0.000316
L,298.0,308.2,1365,52.9,218,1,0.92951
L,298.7,308.5,1469,39.9,67,0,0.000101
L,301.1,310.7,1436,45.3,8,0,0.000258
L,303.7,313.0,1457,44.1,40,0,0.000386
M,300.7,310.3,1471,40.2,59,0,0.000249
L,298.7,309.9,1593,42.5,146,0,0.000119
L,299.2,310.5,1391,45.8,38,0,0.000151
M,299.2,310.8,1502,39.8,177,0,0.000294
L,300.5,311.5,1316,49.7,55,0,0.000181
L,300.5,311.4,1611,32.7,44,0,0.000195
M,300.7,310.8,1465,45.2,92,0,0.000306
L,301.9,309.9,1374,48.5,180,1,0.907484
M,299.0,310.3,1558,35.4,223,0,0.125791
L,301.0,309.9,1507,41.8,19,0,0.006312
L,302.9,312.3,1889,22.8,148,0,0.000683
L,297.3,308.1,1458,45.7,202,0,0.002624
L,304.2,313.6,1469,40.0,154,0,0.020201
M,302.1,310.9,1916,23.1,51,0,0.001414
L,301.3,311.0,1554,47.7,84,0,0.000934
M,300.3,310.0,1537,37.5,6,0,0.00055
M,302.0,310.5,1639,32.9,94,0,0.00034
M,299.0,310.2,1657,32.3,64,0,0.000195
M,303.7,312.9,1511,41.0,33,0,0.000547
L,302.0,310.1,1409,50.4,172,0,0.019314
M,299.1,310.3,1441,43.9,94,0,0.000195
H,303.5,311.5,1629,33.5,73,0,0.000283
M,303.7,312.4,1540,37.4,146,0,0.003572
L,300.6,310.1,1297,50.0,130,0,0.000224
H,299.0,310.2,1637,38.0,68,0,9.8e-05
H,303.4,311.7,1991,19.0,53,0,0.001824
M,301.7,311.0,1311,55.8,39,0,0.004683
M,297.5,308.7,1546,38.0,123,0,0.000203
H,299.3,309.0,1508,35.0,70,0,0.000123
L,297.4,308.5,1782,25.9,54,0,0.000435
L,299.1,310.5,1389,61.4,64,0,0.086792
L,299.1,310.0,1367,56.3,203,1,0.978343
L,298.3,308.4,1329,49.2,166,0,0.000116
M,297.6,308.8,1453,39.7,69,0,0.000195
L,302.3,310.9,1596,33.5,104,0,0.002516
L,296.6,307.4,1436,42.8,156,0,0.00017
L,303.3,311.5,1601,35.2,10,0,0.004928
L,299.8,310.1,1553,42.0,177,0,0.000221
M,300.9,310.8,1695,30.2,188,0,0.001181
M,302.7,311.7,1759,29.9,5,0,0.001637
M,300.3,311.2,1381,65.2,136,1,0.968586
L,298.1,308.7,1642,30.3,3,0,0.000236
L,301.9,309.7,1719,31.9,0,0,0.005721
L,301.1,310.7,1376,49.1,0,0,0.006385
L,300.6,311.8,1652,27.2,52,0,0.001159
H,295.7,306.2,1458,49.8,151,0,0.000214
L,297.1,308.5,1323,44.4,207,1,0.06716
L,302.2,311.5,1489,38.3,35,0,0.000299
L,297.4,308.7,1429,57.4,96,0,0.000259
L,298.6,309.5,1547,44.8,36,0,9.1e-05
L,297.5,309.4,1497,35.8,44,0,8.9e-05
L,300.4,311.8,1433,42.2,14,0,0.000227
H,299.4,309.3,1743,28.2,0,0,0.000409
L,299.3,310.8,1391,46.9,21,0,0.000131
M,304.2,313.2,1380,48.7,17,0,0.01319
L,299.2,310.3,1463,38.9,160,0,0.000119
M,300.5,309.8,1370,55.9,143,0,0.000773
L,299.0,310.3,1501,43.0,91,0,0.000118
L,298.8,309.8,1599,33.6,131,0,0.000131
L,297.0,307.8,1774,28.0,188,0,0.002559
M,300.2,309.8,1466,45.7,41,0,0.000239
L,300.2,310.3,1331,52.1,30,0,0.000101
L,298.8,308.9,1455,41.3,208,1,0.012196
L,295.8,306.6,1621,31.6,95,0,0.000115
L,301.2,310.4,1515,38.4,51,0,0.000264
L,303.6,312.8,1701,30.8,12,0,0.000814
L,300.0,309.3,1972,22.0,175,0,0.001124
L,301.7,311.2,1589,37.9,75,0,0.00023
M,298.9,310.1,1513,41.5,80,0,0.000195
L,298.2,308.1,1306,58.3,35,0,0.000176
L,297.4,308.3,1483,38.8,23,0,0.000103
L,298.7,309.5,1673,30.8,141,0,0.000189
M,300.5,311.3,1507,43.4,41,0,0.000386
L,302.4,311.5,1505,37.9,79,0,0.000299
L,298.8,309.9,1550,38.8,53,0,9.1e-05
M,300.5,310.2,1571,34.6,228,0,0.247587
M,297.8,309.0,1675,30.0,110,0,0.000335
L,302.6,312.4,1628,33.0,15,0,0.000305
L,300.9,310.4,1615,30.9,200,0,0.000351
M,296.8,307.5,1470,45.9,132,0,0.000217
M,303.0,312.7,1426,46.8,99,0,0.000552
L,300.4,310.8,1396,49.3,142,0,0.000207
M,300.2,309.8,1743,24.1,18,0,0.001025
H,299.9,309.5,1547,38.5,148,0,0.000159
M,297.3,308.4,1599,32.9,58,0,0.000195
M,303.4,311.9,1419,50.9,39,0,0.021068
M,298.6,310.1,1596,33.0,15,0,0.000514
M,298.5,309.3,1552,36.8,133,0,0.000203
L,299.0,308.7,1537,42.8,202,0,0.001107
L,302.1,311.4,1391,49.2,52,0,0.001029
M,301.3,310.7,1391,52.5,61,0,0.001174
L,302.5,311.2,1545,40.1,165,0,0.00062
M,303.3,312.6,1397,47.1,137,0,0.002276
M,298.6,309.1,1487,43.2,206,0,0.010631
M,301.3,311.0,1402,47.5,197,0,0.000842
L,301.7,311.0,1503,44.8,134,0,0.003813
H,298.7,309.6,1654,34.3,136,0,0.000107
L,297.8,307.8,1412,48.3,27,0,0.000134
L,300.5,311.3,1475,46.3,49,0,0.00019
M,298.3,309.6,1681,27.1,194,0,0.012401
L,298.0,307.8,1622,33.3,121,0,0.000109
M,300.7,309.6,1473,48.1,87,0,0.00104
L,298.9,310.1,1823,26.1,131,0,0.000409
L,300.1,311.4,1572,36.2,199,0,0.000423
L,299.1,308.8,1329,53.6,207,1,0.934652
L,300.7,311.2,1452,44.4,33,0,0.000123
M,299.1,310.2,1711,28.1,17,0,0.000819
M,297.0,308.0,1408,47.9,54,0,0.000948
M,299.8,309.3,1640,31.1,211,0,0.045154
L,299.7,311.1,1439,44.9,174,0,0.000341
M,296.7,307.8,1375,51.4,108,0,0.000179
M,298.5,309.6,1441,48.2,107,0,0.000279
M,298.3,307.7,1520,41.4,10,0,0.001269
M,300.7,309.6,1388,51.1,160,0,0.001012
H,297.5,308.6,1440,46.1,84,0,9.8e-05
H,298.9,310.2,1532,37.7,166,0,0.000152
L,303.8,312.7,1664,29.3,178,0,0.003074
M,297.6,308.5,1443,38.2,85,0,0.000195
L,302.1,311.2,1492,45.0,162,0,0.000417
L,300.8,311.6,1516,35.6,14,0,0.000257
M,300.3,309.2,1490,47.9,163,0,0.001096
L,301.4,310.7,1657,28.7,108,0,0.001633
L,299.5,309.3,1477,40.4,138,0,0.000138
L,297.5,308.9,1390,44.6,140,0,0.000144
M,298.0,309.0,1439,38.5,34,0,0.000195
L,303.8,312.9,1367,49.9,192,0,0.003888
L,299.2,308.7,1650,30.5,93,0,0.000245
M,302.4,311.9,1439,36.6,212,0,0.069891
M,301.9,310.9,1483,37.0,35,0,0.00183
M,300.4,310.6,1545,35.6,16,0,0.00054
M,297.6,309.6,1530,37.3,10,0,0.000514
L,297.5,308.2,1563,38.2,15,0,0.000197
L,298.0,309.6,1536,37.3,120,0,9.7e-05
M,300.2,309.4,1456,48.8,205,0,0.026852
L,301.6,310.4,1561,35.3,156,0,0.000386
M,297.7,308.8,1388,45.6,190,0,0.001136
M,297.2,308.7,1398,38.1,88,0,0.000492
H,300.4,311.2,1489,45.3,180,0,0.000337
M,301.5,310.4,2639,12.0,21,1,0.976649
L,299.7,309.2,1645,30.8,137,0,0.000308
L,300.9,311.2,1353,60.4,139,0,0.000361
M,301.1,310.7,2219,16.7,79,0,0.000626
L,300.8,312.4,1365,44.5,129,0,0.002078
L,297.5,308.3,1585,32.9,32,0,9.1e-05
L,300.7,311.7,1635,32.4,213,0,0.034
M,299.3,308.4,1468,42.2,83,0,0.001019
M,303.1,311.3,1847,24.7,212,0,0.057309
H,300.8,310.3,1777,30.1,38,0,0.000358
M,301.4,311.2,1434,47.6,52,0,0.000831
L,303.8,312.8,1503,40.0,154,0,0.000411
M,301.7,310.7,1442,41.1,89,0,0.000541
M,301.6,310.6,1924,23.6,181,0,0.006314
L,302.3,311.1,1630,35.6,183,0,0.000532
L,300.6,309.6,1726,30.0,147,0,0.000466
L,301.9,310.3,1972,21.3,67,0,0.00023
L,302.1,311.2,1519,39.3,155,0,0.000383
L,301.1,311.2,1774,29.6,186,0,0.00026
M,297.3,308.3,1595,32.2,29,0,0.000304
L,301.0,310.6,1641,33.4,12,0,0.000258
L,302.5,310.3,1326,58.5,55,1,0.978963
M,302.5,311.1,1638,32.0,198,0,0.009235
M,297.6,308.6,1414,45.4,138,0,0.000568
L,297.9,307.7,1492,43.7,59,0,0.000101
L,298.7,309.8,1365,50.5,111,0,0.000101
L,303.6,312.4,1418,46.0,128,0,0.003316
L,302.0,309.8,1701,27.2,4,0,0.000322
L,298.6,309.2,2035,19.6,40,0,0.000389
L,300.7,311.8,1443,43.7,217,0,0.043196
L,299.7,309.1,1473,39.4,125,0,0.000239
L,297.5,308.6,1694,27.1,36,0,0.000435
M,298.3,307.7,1717,27.1,7,0,0.001633
M,298.7,309.9,1434,53.0,144,0,0.000409
M,299.9,310.0,1484,42.1,182,0,0.000531
L,299.5,310.8,1283,52.4,112,0,0.000132
L,299.6,309.4,1643,32.9,145,0,0.001276
L,295.9,306.6,1412,41.0,109,0,0.000125
L,302.2,311.5,1482,45.6,87,0,0.000289
L,301.3,310.6,1426,40.7,54,0,0.000264
H,301.1,311.1,1618,29.5,160,0,0.001748
M,302.2,311.6,1379,42.9,13,0,0.022602
L,300.3,309.9,1621,34.1,36,0,0.000125
L,300.1,309.1,1400,46.7,77,0,0.000309
H,297.3,308.1,1554,42.4,158,0,0.000164
L,302.1,311.5,1477,45.4,111,0,0.00026
L,296.4,307.4,1512,36.8,46,0,9.1e-05
L,300.3,311.6,1515,44.9,69,0,0.000139
L,299.3,308.7,1393,54.2,80,0,0.000565
L,298.9,310.0,1794,27.2,114,0,0.000245
M,298.0,308.9,1339,51.4,68,0,0.00021
L,299.5,309.1,1336,42.1,217,0,0.13848
L,298.4,310.1,1533,35.2,92,0,8.9e-05
L,300.1,310.2,1475,54.2,53,0,0.000232
L,299.8,311.2,1664,28.3,173,0,0.003019
M,298.3,308.0,1463,42.5,190,0,0.000515
M,302.2,311.1,1516,33.7,158,0,0.000628
H,304.2,313.5,1546,41.4,58,0,0.000392
H,303.9,313.2,1680,29.1,201,0,0.012003
M,302.0,310.6,1535,38.6,34,0,0.001539
L,299.1,310.6,1577,37.1,44,0,8.9e-05
M,299.4,309.1,1500,43.3,10,0,0.000541
L,299.3,308.5,1510,45.4,72,0,0.000242
L,297.8,307.3,1438,44.5,3,0,0.000387
L,299.8,311.1,1820,24.9,174,0,0.000634
L,300.5,309.3,1528,37.0,221,0,0.091546
L,298.3,307.7,1576,33.8,171,0,0.000265
L,298.4,308.9,1402,44.8,201,0,0.000549
L,298.9,308.6,1771,24.1,213,0,0.036819
M,298.0,308.7,1494,42.6,96,0,0.000195
L,303.1,312.8,1465,44.1,109,0,0.000171
M,296.8,307.8,1551,38.9,112,0,0.000195
M,301.6,310.8,1290,65.3,63,0,0.158675
L,300.0,310.2,1675,29.7,64,0,0.000197
H,297.7,308.8,1404,50.3,97,0,0.000224
L,298.3,309.9,1507,41.6,112,0,8.9e-05
L,303.3,311.3,1393,47.4,18,0,0.038007
L,296.5,307.4,1523,40.7,85,0,9.1e-05
M,302.7,311.6,1501,38.8,171,0,0.000782
L,298.7,309.8,1695,29.0,145,0,0.002494
M,300.1,309.5,1462,42.8,50,0,0.000396
M,303.7,312.7,1612,36.3,200,0,0.0016
L,297.9,308.9,1566,41.9,50,0,9.1e-05
L,304.1,313.5,1469,44.6,113,0,0.000346
M,298.6,309.7,1280,64.1,71,0,0.017698
L,302.8,312.1,1520,39.9,48,0,0.000299
L,302.6,312.3,1554,42.0,58,0,0.000171
L,301.6,310.7,1457,40.4,213,0,0.066275
L,297.4,308.4,1571,39.4,0,0,0.000197
M,298.8,310.1,1501,48.7,192,0,0.000673
M,298.9,309.8,1392,43.1,218,0,0.087712
L,302.1,311.5,1987,20.1,21,0,0.000702
M,299.9,309.3,1452,41.9,106,0,0.000396
M,297.3,308.2,1452,38.2,44,0,0.000195
L,298.0,309.2,1731,28.7,38,0,0.000224
L,299.5,310.0,1349,52.7,92,0,9.2e-05
L,296.7,307.9,1690,29.6,119,0,0.000182
M,297.4,308.4,1340,52.6,15,0,0.000371
L,299.9,310.5,1539,32.8,213,0,0.038165
L,303.0,311.2,1494,37.0,67,0,0.000278
H,300.7,310.7,1428,43.4,26,0,0.000122
L,297.4,309.0,1583,32.0,166,0,0.000171
L,304.1,313.2,1452,48.0,126,0,0.000766
L,302.4,311.1,1520,42.2,143,0,0.000325
M,300.9,310.7,1696,27.3,76,0,0.000714
H,299.0,310.5,1336,56.8,136,0,0.000256
L,296.9,307.8,1605,37.0,84,0,9.1e-05
L,298.3,310.0,1442,43.9,110,0,8.9e-05
M,301.8,311.3,1624,31.6,145,0,0.000454
M,302.7,312.0,1652,31.0,81,0,0.000492
M,300.6,309.6,1365,50.0,70,0,0.000798
L,299.2,308.3,1410,43.0,26,0,0.00027
M,298.0,308.6,1376,55.7,214,0,0.38016
M,301.9,310.7,1405,47.9,80,0,0.006822
L,299.7,309.3,1574,35.8,6,0,0.000231
H,298.2,308.8,1837,28.4,34,0,0.000265
L,303.5,312.6,1602,34.2,108,0,0.000299
M,298.5,308.6,1344,53.0,114,0,0.000224
L,299.0,309.1,1523,38.6,177,0,0.00017
M,297.8,309.4,1495,36.5,132,0,0.0002
L,303.0,312.5,1461,40.2,127,0,0.000278
L,299.1,310.5,1419,48.8,76,0,0.000369
L,298.1,307.9,1578,35.6,55,0,0.000101
L,297.5,308.3,1544,40.8,37,0,9.1e-05
L,296.5,307.6,1607,33.5,104,0,9.1e-05
L,301.2,309.9,1382,52.4,13,0,0.004906
L,298.3,308.6,1570,34.8,175,0,0.000119
L,300.3,309.2,1398,54.4,198,0,0.008882
L,302.5,312.0,1411,44.2,177,0,0.000794
M,301.6,310.7,1813,24.6,210,0,0.027895
L,302.3,310.7,1612,33.4,139,0,0.000156
L,299.2,308.8,1405,51.4,183,0,0.002274
L,301.3,310.9,2165,17.4,143,0,0.000427
M,303.3,311.8,1548,33.5,75,0,0.000503
L,297.4,308.4,1474,43.6,4,0,0.000197
M,298.1,308.5,1382,54.5,17,0,0.002669
L,301.0,310.9,1392,52.9,173,0,0.003887
L,301.2,311.0,1567,35.1,64,0,0.000133
M,301.0,311.0,1508,46.9,113,0,0.00036
L,298.4,308.2,1528,36.2,196,0,0.0002
L,297.3,308.4,1441,43.4,14,0,0.000197
L,301.4,311.1,1469,36.9,133,0,0.000141
M,302.2,311.6,1592,37.7,79,0,0.000431
L,300.6,309.7,1639,30.4,121,0,0.000311
H,302.4,312.0,1457,43.4,23,0,0.000178
M,302.0,310.7,2157,17.8,17,0,0.004538
M,296.2,307.0,1516,37.6,25,0,0.00028
L,297.6,308.7,1622,37.9,79,0,9.1e-05
M,298.8,310.2,1527,31.2,102,0,0.001107
M,297.1,308.4,1588,33.4,204,0,0.021555
L,303.4,312.8,1376,53.4,98,0,0.02179
L,302.1,310.6,1439,40.0,7,0,0.007704
H,301.3,310.6,1605,32.5,59,0,0.000271
M,301.4,310.7,1470,46.5,101,0,0.000545
L,299.1,310.5,1329,54.9,58,0,0.000195
H,304.1,313.2,1590,43.4,52,0,0.000447
H,301.8,310.5,1478,38.6,141,0,0.000283
M,297.4,308.4,1620,35.8,215,0,0.119418
L,300.7,311.0,1403,48.3,70,0,0.000155
L,300.3,309.2,1650,35.2,196,0,0.000516
H,301.2,310.6,1352,52.0,69,0,0.000368
L,301.5,310.6,1374,46.7,32,0,0.001147
L,300.2,311.6,1372,49.2,195,0,0.000395
L,303.6,312.5,1710,31.4,180,0,0.00063
L,300.7,309.5,1692,30.3,64,0,0.000363
M,298.1,308.9,1335,50.4,110,0,0.000208
M,297.6,308.6,1595,36.9,25,0,0.00028
L,298.4,309.5,2153,15.3,98,1,0.565957
L,299.0,308.8,1310,50.7,112,0,8.9e-05
M,301.8,310.8,1618,37.8,59,0,0.000541
H,300.6,309.5,1495,36.5,79,0,0.000288
M,298.2,307.7,1952,21.6,93,0,0.001365
L,300.0,309.3,1558,29.7,168,0,0.004645
L,300.5,311.6,1447,45.4,204,0,0.008766
M,301.4,310.5,1495,52.5,201,0,0.014742
L,303.1,311.3,1474,34.8,215,0,0.078828
L,299.3,308.7,1802,26.0,130,0,0.000798
M,297.5,308.3,1476,45.6,31,0,0.000195
L,301.4,310.4,1430,50.9,178,0,0.000498
M,300.5,309.4,1877,23.8,31,0,0.001733
L,302.4,311.8,1465,40.2,143,0,0.000278
M,300.7,309.7,1397,51.3,155,0,0.001161
L,301.5,310.8,1350,58.5,13,0,0.000509
L,298.0,308.8,1581,36.1,73,0,9.1e-05
L,298.2,309.0,1780,29.3,91,0,0.00015
L,296.3,307.3,1444,49.0,13,0,0.000421
H,298.8,309.2,1372,48.5,120,0,9.1e-05
L,297.9,307.6,1589,37.8,120,0,0.000109
L,299.8,311.1,1603,35.1,179,0,0.00147
M,300.0,311.3,1629,32.1,55,0,0.000253
L,299.0,309.4,1693,30.1,84,0,0.000173
L,298.1,308.2,1390,47.5,33,0,0.000128
L,295.9,306.6,1557,41.1,113,0,9.1e-05
L,300.6,310.4,2007,19.8,116,0,0.000424
M,301.5,310.7,1454,39.4,17,0,0.000895
L,298.1,307.8,1379,49.1,135,0,0.001117
L,300.5,309.6,1465,41.6,217,0,0.03651
L,297.3,308.7,1549,36.1,218,0,0.09836
M,298.9,310.1,1484,37.9,73,0,0.000195
M,298.6,309.7,1635,32.2,110,0,0.000195
M,302.6,310.4,1532,36.1,77,0,0.00032
L,299.1,308.2,1409,46.4,12,0,0.000656
M,300.8,310.3,1270,61.0,54,0,0.000732
L,299.0,310.3,1483,39.2,153,0,0.000145
L,298.4,308.0,1540,37.8,7,0,0.000207
H,298.8,309.9,1439,45.2,40,1,9.8e-05
L,303.4,312.3,1663,33.9,78,0,0.00286
L,300.2,309.8,1526,45.6,175,0,0.000322
M,296.8,307.9,1683,31.8,76,0,0.000238
M,303.5,313.0,1492,46.1,89,0,0.00061
L,300.6,309.6,1423,49.1,74,0,0.000503
L,304.2,313.4,1421,43.4,56,0,0.009316
L,297.1,308.0,1348,58.0,162,0,0.000426
L,297.6,308.3,1816,28.8,106,0,0.0002
M,300.4,309.9,1415,31.8,192,0,0.006401
L,295.5,306.0,1800,27.6,208,0,0.058092
L,297.4,309.2,1698,29.4,119,0,0.000179
L,298.4,309.3,1531,37.4,16,0,0.000197
L,300.0,309.3,1473,46.0,35,0,0.000254
L,300.6,310.7,1438,48.5,78,1,0.000114
L,302.4,311.0,1329,54.6,176,0,0.268911
L,302.6,312.3,1534,34.3,31,0,0.000171
M,299.8,310.0,1632,33.7,172,0,0.000245
L,298.3,309.1,1537,43.0,123,0,0.000114
L,300.3,311.1,1606,30.9,156,0,0.000206
H,297.8,307.3,1516,40.1,166,0,0.000292
L,298.2,307.9,1551,34.1,190,0,0.000334
L,302.5,311.6,1419,43.7,39,0,0.006416
L,300.6,309.5,1867,23.0,242,0,0.220065
M,299.7,311.0,1435,50.1,168,0,0.00051
L,296.8,308.2,1361,53.8,193,0,0.002633
L,297.5,308.1,1631,30.6,146,0,0.000174
M,302.1,311.0,1711,28.7,83,0,0.000881
M,298.9,310.0,1456,43.8,15,0,0.000517
M,303.8,312.4,1597,33.4,203,0,0.069528
L,299.9,309.5,1567,35.5,171,0,0.000152
L,300.6,310.6,1454,39.7,67,0,0.000115
L,300.2,309.8,1506,41.8,161,0,0.000203
L,301.5,311.1,1602,34.3,100,0,0.000133
L,297.4,308.4,1664,28.1,67,0,0.002849
M,303.8,313.2,1710,26.5,190,0,0.004765
L,298.9,310.0,1633,31.2,76,0,0.000115
L,301.9,310.6,1462,38.8,22,0,0.0011
L,300.8,310.1,1405,61.2,189,1,0.959259
L,299.8,309.4,1630,32.4,53,0,0.000125
M,298.4,310.1,1335,57.8,96,0,0.000354
L,303.7,313.1,1355,49.1,188,0,0.002467
L,300.7,310.8,1608,39.5,202,0,0.006857
L,301.7,311.0,1700,28.7,19,0,0.000727
L,299.7,311.1,1603,31.4,141,0,0.000183
L,300.5,312.0,1478,39.0,153,0,0.000219
M,300.1,311.4,1524,40.6,98,0,0.000253
L,301.8,310.2,1457,40.4,213,0,0.122437
M,297.6,308.3,1538,40.2,0,0,0.000517
L,299.7,309.6,1321,53.4,166,0,0.000114
H,298.3,309.1,1484,37.0,28,0,9.8e-05
L,298.6,309.5,1450,44.2,63,0,9.1e-05
L,299.0,309.1,1592,35.0,200,0,0.000324
L,295.8,306.4,1325,56.2,65,0,0.000176
L,300.3,311.1,1605,37.1,160,0,0.00015
H,300.6,310.7,1501,45.3,175,0,0.00032
L,297.8,308.8,1421,49.6,101,0,0.000359
L,300.6,310.0,1425,49.5,174,0,0.000432
H,297.6,308.2,2071,18.5,144,0,0.000422
M,299.1,310.4,1422,49.3,69,0,0.000305
M,300.7,311.6,1348,62.5,36,0,0.02324
M,297.4,308.6,1604,32.8,85,0,0.000195
M,297.5,309.2,1530,40.0,206,0,0.018095
L,297.4,307.9,1606,33.4,176,0,0.00015
M,300.5,311.6,1577,36.5,4,0,0.000548
L,299.3,308.6,1520,33.7,76,0,0.000249
L,300.0,309.5,1506,38.8,87,0,0.000234
M,300.2,310.1,1485,40.5,188,0,0.005703
L,298.8,309.1,1439,39.2,104,0,9.1e-05
L,298.9,309.7,1449,48.8,147,0,0.000166
L,298.2,308.8,1345,44.3,37,0,5.4e-05
H,297.3,308.7,1430,42.8,153,0,0.000174
L,301.7,310.2,1471,51.1,8,0,0.017779
L,301.0,311.7,1670,31.3,150,0,0.000211
L,297.5,308.8,1360,50.7,190,0,0.000205
L,299.5,310.8,1356,54.9,72,0,0.000229
L,301.9,310.9,1379,54.8,99,0,0.030202
M,301.0,309.8,1594,31.1,143,0,0.000617
L,298.8,308.6,1584,34.4,42,0,0.000101
L,299.8,309.2,1400,42.6,210,0,0.157721
L,300.8,311.4,1316,57.6,43,0,0.00022
H,298.4,309.3,1984,19.2,132,0,0.000435
L,295.8,306.3,1337,54.6,87,0,0.000176
L,300.9,310.5,1616,33.5,25,0,0.000164
L,302.5,310.5,1520,41.2,154,0,0.000305
L,299.1,310.4,1450,40.9,85,0,0.000118
L,297.9,309.8,2000,21.3,29,0,0.002908
L,298.8,310.1,1653,30.3,119,0,0.000164
L,299.1,308.3,1559,33.7,30,0,0.000237
H,300.8,310.5,1559,40.1,220,0,0.043729
M,298.7,308.5,1660,27.0,50,0,0.001252
M,300.4,310.5,1644,31.4,41,0,0.000218
M,301.4,310.8,1738,30.3,104,0,0.000594
L,302.3,311.0,1591,32.7,171,0,0.000356
L,301.1,311.4,1531,38.7,55,0,0.000123
L,297.6,309.4,1958,22.1,108,0,0.000422
H,302.4,311.9,1366,47.3,162,0,0.021542
L,303.4,311.7,1673,32.2,166,0,0.000156
L,297.5,309.3,1404,43.5,195,0,0.000448
M,301.5,310.5,1308,60.5,139,0,0.002927
M,299.1,310.4,1524,51.4,66,0,0.000295
M,298.4,308.7,1421,60.7,119,1,0.923981
L,298.1,308.2,1482,37.9,17,0,0.000197
L,301.1,309.8,1493,38.9,149,0,0.000391
L,297.5,308.8,1477,39.0,127,0,0.000126
L,297.2,307.9,1441,40.0,195,0,0.002332
M,300.5,311.5,1370,56.1,7,0,0.002999
L,301.7,310.6,1743,26.2,71,0,0.000786
L,297.6,309.3,1543,34.3,8,0,0.000195
H,299.0,310.1,2053,19.7,137,0,0.000421
L,299.1,308.9,1467,47.2,218,0,0.019632
M,297.7,308.9,1530,39.1,108,0,0.000195
M,297.6,308.7,1475,46.6,54,0,0.000226
L,300.1,311.5,1499,43.4,65,0,0.000121
M,299.1,308.3,1506,38.0,125,0,0.000911
H,301.1,311.6,1417,53.4,0,0,0.000749
L,299.8,310.3,1687,30.4,33,0,0.000197
L,302.4,310.4,1865,23.9,129,0,0.000301
L,298.6,309.2,1542,48.4,42,0,0.0001
L,300.8,311.2,1430,54.4,85,0,0.00024
L,298.5,309.6,1585,32.2,89,0,0.000115
M,298.1,308.9,1323,51.7,88,0,0.00021
L,299.3,309.2,1541,37.2,118,0,0.000106
M,302.2,311.4,1432,45.3,33,0,0.000558
L,300.6,311.6,1455,48.0,203,0,0.017707
H,301.0,310.1,1756,30.7,2,0,0.000642
L,299.5,309.2,1393,47.3,20,0,0.006655
L,300.8,310.6,1384,52.9,165,0,0.0014
M,299.0,309.0,1575,35.3,47,0,0.000195
L,300.4,309.4,1412,51.6,153,0,0.000689
M,299.3,308.6,1448,52.1,71,0,0.001266
L,298.5,310.0,1492,41.2,19,0,0.000195
L,297.5,308.2,1419,48.5,108,0,0.000386
L,302.4,311.5,1785,24.8,45,0,0.000753
H,298.3,309.2,1486,42.4,16,0,0.000204
L,301.7,310.1,1500,39.6,56,0,0.000156
L,302.6,310.5,1596,32.8,193,0,0.000258
H,302.4,310.2,1435,44.9,127,0,0.02366
M,299.2,308.8,1700,33.5,185,0,0.001278
L,297.5,309.3,1732,29.9,32,0,0.000159
L,299.9,309.4,1467,41.2,20,0,0.002498
M,302.0,311.5,1366,52.3,54,0,0.013324
M,298.4,309.5,1514,38.8,128,0,0.000203
L,299.5,309.1,1502,44.6,13,0,0.000212
M,300.8,310.3,1458,43.4,0,0,0.000819
M,298.9,308.4,1827,26.1,5,0,0.001691
M,300.4,311.7,1478,39.9,185,0,0.000523
M,303.7,312.8,1366,47.3,49,0,0.009578
M,303.5,312.7,1420,49.1,42,0,0.008677
L,302.4,311.1,1565,42.8,163,0,0.000463
L,302.3,311.7,1453,41.2,147,0,0.000278
L,302.5,310.3,1405,57.4,152,0,0.045842
H,299.3,308.6,1520,41.4,67,0,0.000248
L,302.1,311.0,1740,30.8,182,0,0.000435
L,301.6,310.8,1535,35.4,148,0,0.000445
L,301.4,310.3,1639,32.7,171,0,0.000422
L,300.7,309.5,1467,44.3,55,0,0.000281
L,300.8,309.7,1997,20.7,5,0,0.00353
M,300.8,312.0,1274,67.3,159,0,0.276559
L,296.9,307.9,1367,47.1,204,0,0.050859
L,302.2,310.9,1531,37.5,60,0,0.000598
L,299.8,311.1,2144,17.7,190,0,0.004752
L,301.0,310.8,1549,41.4,121,0,0.000133
L,302.6,312.3,1512,34.2,44,0,0.000171
M,298.2,307.8,1411,53.4,110,0,0.000565
L,298.0,308.4,1432,46.2,11,0,0.000197
L,298.8,308.5,1490,35.0,29,0,0.000101
L,301.5,310.8,1500,41.0,118,0,0.000264
L,299.2,308.5,1374,53.6,143,0,0.003662
M,297.9,310.0,1439,41.7,185,0,0.000503
M,303.9,313.3,1507,34.3,161,0,0.000556
L,300.1,309.4,1434,47.3,127,0,0.000281
L,297.4,308.8,1529,41.3,165,0,0.000167
M,300.6,311.4,1468,40.4,55,0,0.000227
L,297.5,308.6,1437,43.3,34,0,9.1e-05
M,297.6,308.8,1416,45.9,101,0,0.000494
M,299.3,308.5,1305,60.6,44,0,0.000701
M,297.7,308.1,1469,48.8,183,0,0.000632
M,302.3,311.4,1484,39.5,22,0,0.000759
H,298.8,309.8,1510,44.2,35,0,9.8e-05
M,297.4,308.9,1376,39.0,181,0,0.000863
M,297.4,308.5,1465,55.9,153,0,0.005194
L,298.8,308.4,1369,53.0,138,0,0.00011
M,299.5,310.7,1364,49.5,0,0,0.006431
M,299.5,310.7,1423,56.5,7,0,0.00091
L,302.3,311.8,1435,44.8,98,0,0.00027
L,298.7,308.5,1544,35.2,159,0,0.000128
L,303.5,312.4,1503,36.5,191,0,0.001547
L,298.8,309.9,1441,41.6,62,0,9.1e-05
L,301.1,310.7,1334,48.2,106,0,0.00011
L,299.9,309.2,1491,44.3,214,0,0.024974
L,299.0,310.1,1505,41.3,85,0,9.1e-05
H,298.0,308.7,1536,39.6,99,0,9.8e-05
L,299.7,311.1,1574,36.4,135,0,0.000129
M,299.3,309.2,1586,37.9,129,0,0.000218
M,297.2,308.6,1513,39.0,78,0,0.000192
L,301.0,310.9,1679,29.8,64,0,0.000205
L,301.7,310.2,1435,48.1,12,0,0.014579
L,302.6,311.0,2001,20.7,137,0,0.00023
L,303.4,312.3,1287,54.8,54,0,0.012841
M,299.4,308.6,1541,39.1,109,0,0.002908
L,301.0,310.5,1248,61.4,77,0,0.000361
M,300.9,310.2,1533,38.1,137,0,0.000448
L,300.9,310.9,1755,27.9,148,0,0.000308
L,302.1,311.3,1758,24.4,200,0,0.001085
L,299.3,309.1,1470,41.1,118,0,0.000116
L,297.4,308.3,1284,60.3,50,0,0.00015
M,302.9,312.6,1394,46.4,82,0,0.004029
M,300.8,310.2,1304,52.5,157,0,0.000551
L,300.2,309.9,1566,36.4,170,0,0.000152
L,303.7,312.8,1364,46.3,44,0,0.008398
H,300.5,309.4,1642,36.2,103,0,0.00036
M,301.5,310.4,1350,54.9,153,0,0.001569
H,300.2,309.6,1442,49.2,61,0,0.000557
L,303.7,312.5,1462,46.2,165,0,0.004256
L,297.8,307.6,1607,30.3,62,0,0.015954
M,303.6,312.3,1915,22.3,116,0,0.001204
L,303.3,312.6,1623,34.6,102,0,0.000299
L,298.0,309.1,1473,44.3,124,0,0.000114
L,297.1,308.2,1347,50.8,49,0,6.6e-05
L,300.6,311.0,1543,34.7,89,0,0.000123
